dataset,score,n_neighbors,l1_ratio,max_iter,method
full,0.10312021765088276,3.0,,,knn
full,0.10073846547953291,4.0,,,knn
full,0.09918753075589266,5.0,,,knn
full,0.09823789499354509,6.0,,,knn
full,0.09742933095761373,7.0,,,knn
full,0.09688202996899484,8.0,,,knn
full,0.0966385401078517,9.0,,,knn
full,0.09637544632185897,10.0,,,knn
full,0.0961329052545924,11.0,,,knn
full,0.09620223527399013,12.0,,,knn
full,0.09615838708735974,13.0,,,knn
full,0.09605419557968964,14.0,,,knn
full,0.0959811638382547,15.0,,,knn
full,0.09590154837995095,16.0,,,knn
full,0.09589652080653743,17.0,,,knn
full,0.09578561421389013,18.0,,,knn
full,0.09562510932643994,19.0,,,knn
full,0.09563188618238506,20.0,,,knn
full,0.0955906493158363,21.0,,,knn
full,0.09558977015028522,22.0,,,knn
full,0.09559777473001278,23.0,,,knn
full,0.09559472429741686,24.0,,,knn
full,0.08513611174784155,3.0,,,knn
full,0.08327423954270645,4.0,,,knn
full,0.08166266577415719,5.0,,,knn
full,0.08077477512671792,6.0,,,knn
full,0.08027927530366268,7.0,,,knn
full,0.07986378658123619,8.0,,,knn
full,0.07941943170531514,9.0,,,knn
full,0.07908034675781785,10.0,,,knn
full,0.07880478038806582,11.0,,,knn
full,0.07858758018205614,12.0,,,knn
full,0.0784037278052877,13.0,,,knn
full,0.078120539143412,14.0,,,knn
full,0.07796739181871801,15.0,,,knn
full,0.07804042872377003,16.0,,,knn
full,0.07808798477196136,17.0,,,knn
full,0.07806624580073003,18.0,,,knn
full,0.07801693694467654,19.0,,,knn
full,0.07805690016372162,20.0,,,knn
full,0.07801116141777248,21.0,,,knn
full,0.07798315528204822,22.0,,,knn
full,0.07793658230928134,23.0,,,knn
full,0.07790025643788746,24.0,,,knn
full,0.09161077342802713,3.0,,,knn
full,0.08961821121739046,4.0,,,knn
full,0.08795977599498947,5.0,,,knn
full,0.08674559586258235,6.0,,,knn
full,0.08622614991388268,7.0,,,knn
full,0.08576883316170052,8.0,,,knn
full,0.08538550316993489,9.0,,,knn
full,0.0851539226060559,10.0,,,knn
full,0.08484451654809796,11.0,,,knn
full,0.08448797963674518,12.0,,,knn
full,0.08431652070777594,13.0,,,knn
full,0.08417931290164586,14.0,,,knn
full,0.08399304050114229,15.0,,,knn
full,0.08391834231918135,16.0,,,knn
full,0.08384282900268121,17.0,,,knn
full,0.08368539802564212,18.0,,,knn
full,0.08363596179595081,19.0,,,knn
full,0.08356311091831459,20.0,,,knn
full,0.083546209563541,21.0,,,knn
full,0.08352692368733987,22.0,,,knn
full,0.08345047886870487,23.0,,,knn
full,0.08342039627689844,24.0,,,knn
full,0.09786254754150946,3.0,,,knn
full,0.09516100477275734,4.0,,,knn
full,0.0940555897883765,5.0,,,knn
full,0.09311458663398553,6.0,,,knn
full,0.09244259557863695,7.0,,,knn
full,0.09162865069994243,8.0,,,knn
full,0.09120893401361309,9.0,,,knn
full,0.09090671039056178,10.0,,,knn
full,0.09069437340346918,11.0,,,knn
full,0.09044398191820886,12.0,,,knn
full,0.0902934731904863,13.0,,,knn
full,0.09013745503095867,14.0,,,knn
full,0.08999159123798217,15.0,,,knn
full,0.08981866657048229,16.0,,,knn
full,0.08970638617107096,17.0,,,knn
full,0.08968983358271443,18.0,,,knn
full,0.08962916397539149,19.0,,,knn
full,0.08960335717670982,20.0,,,knn
full,0.08959226310496816,21.0,,,knn
full,0.08965575762957069,22.0,,,knn
full,0.08964171439117177,23.0,,,knn
full,0.08959332872690708,24.0,,,knn
full,0.09449989161901311,3.0,,,knn
full,0.09206220646570934,4.0,,,knn
full,0.09017681161334568,5.0,,,knn
full,0.08933472534981864,6.0,,,knn
full,0.0888308760167807,7.0,,,knn
full,0.08816869221706437,8.0,,,knn
full,0.08786564297772331,9.0,,,knn
full,0.0875766824314522,10.0,,,knn
full,0.08759469628670026,11.0,,,knn
full,0.08733481815538907,12.0,,,knn
full,0.08718440563424083,13.0,,,knn
full,0.08714135350017013,14.0,,,knn
full,0.08711984326165591,15.0,,,knn
full,0.08704092208649597,16.0,,,knn
full,0.08695274185006664,17.0,,,knn
full,0.08678981618544693,18.0,,,knn
full,0.0866912101368389,19.0,,,knn
full,0.08670426760872452,20.0,,,knn
full,0.08671252904808228,21.0,,,knn
full,0.08669446974025437,22.0,,,knn
full,0.08677946901378808,23.0,,,knn
full,0.08673849072472424,24.0,,,knn
full,0.09858039679022076,3.0,,,knn
full,0.09637317008703693,4.0,,,knn
full,0.09489621363571418,5.0,,,knn
full,0.09393762610991281,6.0,,,knn
full,0.0933292436987122,7.0,,,knn
full,0.09274942107293535,8.0,,,knn
full,0.09230229656665889,9.0,,,knn
full,0.09190150604985037,10.0,,,knn
full,0.09152077157617627,11.0,,,knn
full,0.0912741711615972,12.0,,,knn
full,0.09122770966463838,13.0,,,knn
full,0.09108271594273838,14.0,,,knn
full,0.09093020709204548,15.0,,,knn
full,0.09074519411779709,16.0,,,knn
full,0.09062749191155114,17.0,,,knn
full,0.09055918038224399,18.0,,,knn
full,0.09049618815176289,19.0,,,knn
full,0.09041757070881667,20.0,,,knn
full,0.09035062443988127,21.0,,,knn
full,0.09029080274640046,22.0,,,knn
full,0.09025040494711184,23.0,,,knn
full,0.09016070205331794,24.0,,,knn
full,0.09923098207487614,3.0,,,knn
full,0.09680252590425431,4.0,,,knn
full,0.09501151372347016,5.0,,,knn
full,0.09418823694100074,6.0,,,knn
full,0.09365928852251801,7.0,,,knn
full,0.09333708913379998,8.0,,,knn
full,0.0927799473949756,9.0,,,knn
full,0.09239703961227883,10.0,,,knn
full,0.0922266964777321,11.0,,,knn
full,0.09206319853549962,12.0,,,knn
full,0.09204032366298828,13.0,,,knn
full,0.09185661221533883,14.0,,,knn
full,0.0917498740677108,15.0,,,knn
full,0.09159243908323585,16.0,,,knn
full,0.09149698335678828,17.0,,,knn
full,0.09151211395457186,18.0,,,knn
full,0.09141062435811378,19.0,,,knn
full,0.09135854489469887,20.0,,,knn
full,0.09133941245637107,21.0,,,knn
full,0.09137405297294203,22.0,,,knn
full,0.09130703350503068,23.0,,,knn
full,0.09125969439360047,24.0,,,knn
full,0.0891581027727823,3.0,,,knn
full,0.08630873736967994,4.0,,,knn
full,0.08465384271122466,5.0,,,knn
full,0.08358005787835056,6.0,,,knn
full,0.08303798431286047,7.0,,,knn
full,0.08254412961176917,8.0,,,knn
full,0.0822927523643219,9.0,,,knn
full,0.08197058991064014,10.0,,,knn
full,0.0818763749606937,11.0,,,knn
full,0.08169331631442688,12.0,,,knn
full,0.08155332737717622,13.0,,,knn
full,0.08148090776396359,14.0,,,knn
full,0.0814343383216727,15.0,,,knn
full,0.08135817022750833,16.0,,,knn
full,0.081337764914882,17.0,,,knn
full,0.08120800318614321,18.0,,,knn
full,0.08118564031136072,19.0,,,knn
full,0.08116520288877044,20.0,,,knn
full,0.08107569536098017,21.0,,,knn
full,0.08105288469329505,22.0,,,knn
full,0.08104005287753989,23.0,,,knn
full,0.08105017183804972,24.0,,,knn
full,0.0965158108772957,3.0,,,knn
full,0.0943737650360445,4.0,,,knn
full,0.09227783832550575,5.0,,,knn
full,0.09112599494935744,6.0,,,knn
full,0.09051032203790198,7.0,,,knn
full,0.09000231123197137,8.0,,,knn
full,0.08964134639701522,9.0,,,knn
full,0.08949760228642636,10.0,,,knn
full,0.0892961043978857,11.0,,,knn
full,0.0892057657801366,12.0,,,knn
full,0.08895054633641807,13.0,,,knn
full,0.08885957401187934,14.0,,,knn
full,0.08881191234828008,15.0,,,knn
full,0.08873413834007357,16.0,,,knn
full,0.08860504667430057,17.0,,,knn
full,0.08853943288688831,18.0,,,knn
full,0.0885095236587204,19.0,,,knn
full,0.0886054512161078,20.0,,,knn
full,0.0886132243062661,21.0,,,knn
full,0.08863086620391862,22.0,,,knn
full,0.08868723829283585,23.0,,,knn
full,0.08855522574216107,24.0,,,knn
full,0.10959821089671838,3.0,,,knn
full,0.10700093896841827,4.0,,,knn
full,0.10546610166650981,5.0,,,knn
full,0.10454306890100777,6.0,,,knn
full,0.1037247458015682,7.0,,,knn
full,0.10318024700051001,8.0,,,knn
full,0.10307423247106037,9.0,,,knn
full,0.10270054343675897,10.0,,,knn
full,0.1024402135375385,11.0,,,knn
full,0.10222535295156038,12.0,,,knn
full,0.10203281190014468,13.0,,,knn
full,0.10189556189975435,14.0,,,knn
full,0.10176548646578402,15.0,,,knn
full,0.10165012066783145,16.0,,,knn
full,0.10164773209509888,17.0,,,knn
full,0.10154428330133146,18.0,,,knn
full,0.10163022172451205,19.0,,,knn
full,0.10149534355451252,20.0,,,knn
full,0.10158078059588088,21.0,,,knn
full,0.10157401565306437,22.0,,,knn
full,0.10152842959559052,23.0,,,knn
full,0.10144788894534551,24.0,,,knn
full,0.09733700145419762,,0.0,10000.0,lin
full,0.15244158039482894,,0.1111111111111111,10000.0,lin
full,0.15244158039482894,,0.2222222222222222,10000.0,lin
full,0.15244158039482894,,0.3333333333333333,10000.0,lin
full,0.15244158039482894,,0.4444444444444444,10000.0,lin
full,0.15244158039482894,,0.5555555555555556,10000.0,lin
full,0.15244158039482894,,0.6666666666666666,10000.0,lin
full,0.15244158039482894,,0.7777777777777777,10000.0,lin
full,0.15244158039482894,,0.8888888888888888,10000.0,lin
full,0.15244158039482894,,1.0,10000.0,lin
full,0.08020420408512706,,0.0,10000.0,lin
full,0.12955261771985652,,0.1111111111111111,10000.0,lin
full,0.12955261771985652,,0.2222222222222222,10000.0,lin
full,0.12955261771985652,,0.3333333333333333,10000.0,lin
full,0.12955261771985652,,0.4444444444444444,10000.0,lin
full,0.12955261771985652,,0.5555555555555556,10000.0,lin
full,0.12955261771985652,,0.6666666666666666,10000.0,lin
full,0.12955261771985652,,0.7777777777777777,10000.0,lin
full,0.12955261771985652,,0.8888888888888888,10000.0,lin
full,0.12955261771985652,,1.0,10000.0,lin
full,0.08637907786659835,,0.0,10000.0,lin
full,0.13321274255230006,,0.1111111111111111,10000.0,lin
full,0.13321274255230006,,0.2222222222222222,10000.0,lin
full,0.13321274255230006,,0.3333333333333333,10000.0,lin
full,0.13321274255230006,,0.4444444444444444,10000.0,lin
full,0.13321274255230006,,0.5555555555555556,10000.0,lin
full,0.13321274255230006,,0.6666666666666666,10000.0,lin
full,0.13321274255230006,,0.7777777777777777,10000.0,lin
full,0.13321274255230006,,0.8888888888888888,10000.0,lin
full,0.13321274255230006,,1.0,10000.0,lin
full,0.09191475520344729,,0.0,10000.0,lin
full,0.13755961749380702,,0.1111111111111111,10000.0,lin
full,0.13755961749380702,,0.2222222222222222,10000.0,lin
full,0.13755961749380702,,0.3333333333333333,10000.0,lin
full,0.13755961749380702,,0.4444444444444444,10000.0,lin
full,0.13755961749380702,,0.5555555555555556,10000.0,lin
full,0.13755961749380702,,0.6666666666666666,10000.0,lin
full,0.13755961749380702,,0.7777777777777777,10000.0,lin
full,0.13755961749380702,,0.8888888888888888,10000.0,lin
full,0.13755961749380702,,1.0,10000.0,lin
full,0.08848975720901447,,0.0,10000.0,lin
full,0.1352679261466998,,0.1111111111111111,10000.0,lin
full,0.1352679261466998,,0.2222222222222222,10000.0,lin
full,0.1352679261466998,,0.3333333333333333,10000.0,lin
full,0.1352679261466998,,0.4444444444444444,10000.0,lin
full,0.1352679261466998,,0.5555555555555556,10000.0,lin
full,0.1352679261466998,,0.6666666666666666,10000.0,lin
full,0.1352679261466998,,0.7777777777777777,10000.0,lin
full,0.1352679261466998,,0.8888888888888888,10000.0,lin
full,0.1352679261466998,,1.0,10000.0,lin
full,0.08960192762301464,,0.0,10000.0,lin
full,0.12797393478522726,,0.1111111111111111,10000.0,lin
full,0.12797393478522726,,0.2222222222222222,10000.0,lin
full,0.12797393478522726,,0.3333333333333333,10000.0,lin
full,0.12797393478522726,,0.4444444444444444,10000.0,lin
full,0.12797393478522726,,0.5555555555555556,10000.0,lin
full,0.12797393478522726,,0.6666666666666666,10000.0,lin
full,0.12797393478522726,,0.7777777777777777,10000.0,lin
full,0.12797393478522726,,0.8888888888888888,10000.0,lin
full,0.12797393478522726,,1.0,10000.0,lin
full,0.09327026490594292,,0.0,10000.0,lin
full,0.14372663614449122,,0.1111111111111111,10000.0,lin
full,0.14372663614449122,,0.2222222222222222,10000.0,lin
full,0.14372663614449122,,0.3333333333333333,10000.0,lin
full,0.14372663614449122,,0.4444444444444444,10000.0,lin
full,0.14372663614449122,,0.5555555555555556,10000.0,lin
full,0.14372663614449122,,0.6666666666666666,10000.0,lin
full,0.14372663614449122,,0.7777777777777777,10000.0,lin
full,0.14372663614449122,,0.8888888888888888,10000.0,lin
full,0.14372663614449122,,1.0,10000.0,lin
full,0.08333220500541647,,0.0,10000.0,lin
full,0.13480362905208002,,0.1111111111111111,10000.0,lin
full,0.13480362905208002,,0.2222222222222222,10000.0,lin
full,0.13480362905208002,,0.3333333333333333,10000.0,lin
full,0.13480362905208002,,0.4444444444444444,10000.0,lin
full,0.13480362905208002,,0.5555555555555556,10000.0,lin
full,0.13480362905208002,,0.6666666666666666,10000.0,lin
full,0.13480362905208002,,0.7777777777777777,10000.0,lin
full,0.13480362905208002,,0.8888888888888888,10000.0,lin
full,0.13480362905208002,,1.0,10000.0,lin
full,0.0896304079021789,,0.0,10000.0,lin
full,0.13225360365824548,,0.1111111111111111,10000.0,lin
full,0.13225360365824548,,0.2222222222222222,10000.0,lin
full,0.13225360365824548,,0.3333333333333333,10000.0,lin
full,0.13225360365824548,,0.4444444444444444,10000.0,lin
full,0.13225360365824548,,0.5555555555555556,10000.0,lin
full,0.13225360365824548,,0.6666666666666666,10000.0,lin
full,0.13225360365824548,,0.7777777777777777,10000.0,lin
full,0.13225360365824548,,0.8888888888888888,10000.0,lin
full,0.13225360365824548,,1.0,10000.0,lin
full,0.10074996287426857,,0.0,10000.0,lin
full,0.1444012201404096,,0.1111111111111111,10000.0,lin
full,0.1444012201404096,,0.2222222222222222,10000.0,lin
full,0.1444012201404096,,0.3333333333333333,10000.0,lin
full,0.1444012201404096,,0.4444444444444444,10000.0,lin
full,0.1444012201404096,,0.5555555555555556,10000.0,lin
full,0.1444012201404096,,0.6666666666666666,10000.0,lin
full,0.1444012201404096,,0.7777777777777777,10000.0,lin
full,0.1444012201404096,,0.8888888888888888,10000.0,lin
full,0.1444012201404096,,1.0,10000.0,lin
education,0.14063880245656332,3.0,,,knn
education,0.1362794300449125,4.0,,,knn
education,0.1337650897973042,5.0,,,knn
education,0.13180233258202506,6.0,,,knn
education,0.1304791311997083,7.0,,,knn
education,0.12966434694616225,8.0,,,knn
education,0.12848267452915813,9.0,,,knn
education,0.12785183952895152,10.0,,,knn
education,0.12750470671939573,11.0,,,knn
education,0.12707687330846862,12.0,,,knn
education,0.12690668120004642,13.0,,,knn
education,0.12673582736279917,14.0,,,knn
education,0.12637662016447665,15.0,,,knn
education,0.12595681121485242,16.0,,,knn
education,0.12570259543424786,17.0,,,knn
education,0.12560411250496561,18.0,,,knn
education,0.12549209566733835,19.0,,,knn
education,0.12526630378697495,20.0,,,knn
education,0.12519557910085893,21.0,,,knn
education,0.12502601806209943,22.0,,,knn
education,0.12497457660170619,23.0,,,knn
education,0.1249498447105318,24.0,,,knn
education,0.12347058756135282,3.0,,,knn
education,0.11954071886513867,4.0,,,knn
education,0.1166431517778022,5.0,,,knn
education,0.1155704757413073,6.0,,,knn
education,0.11444368828946454,7.0,,,knn
education,0.11360127395791512,8.0,,,knn
education,0.11326836390502873,9.0,,,knn
education,0.11237302336214403,10.0,,,knn
education,0.11184500448019169,11.0,,,knn
education,0.111263316360622,12.0,,,knn
education,0.11116944879595206,13.0,,,knn
education,0.11094278689886983,14.0,,,knn
education,0.11082021129628382,15.0,,,knn
education,0.11062806597261154,16.0,,,knn
education,0.11023540963897469,17.0,,,knn
education,0.1099009773729721,18.0,,,knn
education,0.1097603878646876,19.0,,,knn
education,0.10954271643648737,20.0,,,knn
education,0.10963310837115384,21.0,,,knn
education,0.10953591325466397,22.0,,,knn
education,0.1094008829406312,23.0,,,knn
education,0.1092873115890003,24.0,,,knn
education,0.13052763437148998,3.0,,,knn
education,0.12674561104993554,4.0,,,knn
education,0.12444917804944645,5.0,,,knn
education,0.12283932193314868,6.0,,,knn
education,0.12166752674909893,7.0,,,knn
education,0.12068028115396641,8.0,,,knn
education,0.11997899592122865,9.0,,,knn
education,0.11951952648482154,10.0,,,knn
education,0.11899968734078155,11.0,,,knn
education,0.11877088444682088,12.0,,,knn
education,0.11876388481548396,13.0,,,knn
education,0.11811104094821614,14.0,,,knn
education,0.11784146365880294,15.0,,,knn
education,0.11764193739246041,16.0,,,knn
education,0.11751569845279443,17.0,,,knn
education,0.11729204005611968,18.0,,,knn
education,0.11722585703918141,19.0,,,knn
education,0.11716091221641767,20.0,,,knn
education,0.11704339308584472,21.0,,,knn
education,0.11680278288451232,22.0,,,knn
education,0.11664589285797707,23.0,,,knn
education,0.11650966940759483,24.0,,,knn
education,0.13768283344772286,3.0,,,knn
education,0.13384419904654699,4.0,,,knn
education,0.13106708473785086,5.0,,,knn
education,0.1292819654974573,6.0,,,knn
education,0.127654581803477,7.0,,,knn
education,0.126561033492511,8.0,,,knn
education,0.12556484141873808,9.0,,,knn
education,0.12487553746942706,10.0,,,knn
education,0.12455374423646647,11.0,,,knn
education,0.1240968882974174,12.0,,,knn
education,0.12380168055532728,13.0,,,knn
education,0.12336339061915007,14.0,,,knn
education,0.12306388178093451,15.0,,,knn
education,0.12290734856890657,16.0,,,knn
education,0.12276191109572529,17.0,,,knn
education,0.12252928184855026,18.0,,,knn
education,0.12230231971313775,19.0,,,knn
education,0.12219560133986193,20.0,,,knn
education,0.12201207768212437,21.0,,,knn
education,0.1218730884298383,22.0,,,knn
education,0.12170715028031774,23.0,,,knn
education,0.12143676873103709,24.0,,,knn
education,0.1331521643699789,3.0,,,knn
education,0.1288027838448846,4.0,,,knn
education,0.12631574722689778,5.0,,,knn
education,0.12422752603653857,6.0,,,knn
education,0.1229208499019972,7.0,,,knn
education,0.12174321662073707,8.0,,,knn
education,0.12116305223042557,9.0,,,knn
education,0.12077230181782882,10.0,,,knn
education,0.12025798552352286,11.0,,,knn
education,0.11970686328652178,12.0,,,knn
education,0.11927522536118249,13.0,,,knn
education,0.11896018473456522,14.0,,,knn
education,0.11879380491503645,15.0,,,knn
education,0.11845169494651703,16.0,,,knn
education,0.11819448549232268,17.0,,,knn
education,0.1181643063932712,18.0,,,knn
education,0.11799424296055151,19.0,,,knn
education,0.11797114998799499,20.0,,,knn
education,0.11784105931289172,21.0,,,knn
education,0.11765759869871062,22.0,,,knn
education,0.11743954718612909,23.0,,,knn
education,0.11743723243714035,24.0,,,knn
education,0.13365363371158542,3.0,,,knn
education,0.12871465366951748,4.0,,,knn
education,0.12592715002242383,5.0,,,knn
education,0.12385682513272775,6.0,,,knn
education,0.12257754904902013,7.0,,,knn
education,0.12161689800907073,8.0,,,knn
education,0.12105155422897243,9.0,,,knn
education,0.12028054836011821,10.0,,,knn
education,0.11984172643958081,11.0,,,knn
education,0.11931829163155665,12.0,,,knn
education,0.11874165712835183,13.0,,,knn
education,0.1185466048205199,14.0,,,knn
education,0.11827941798956676,15.0,,,knn
education,0.11804626650786873,16.0,,,knn
education,0.11786259669702213,17.0,,,knn
education,0.11755113002991335,18.0,,,knn
education,0.1173736106521017,19.0,,,knn
education,0.11719236845941126,20.0,,,knn
education,0.11719452706855193,21.0,,,knn
education,0.11712187097777757,22.0,,,knn
education,0.11717407377579521,23.0,,,knn
education,0.11716252767430796,24.0,,,knn
education,0.13716713848621206,3.0,,,knn
education,0.133341526905489,4.0,,,knn
education,0.13106387315273613,5.0,,,knn
education,0.12957022542170127,6.0,,,knn
education,0.1283203271074049,7.0,,,knn
education,0.12719594633237957,8.0,,,knn
education,0.12639458749881813,9.0,,,knn
education,0.1262011713600648,10.0,,,knn
education,0.12590336374389752,11.0,,,knn
education,0.1256519284319741,12.0,,,knn
education,0.12535878158837324,13.0,,,knn
education,0.12511573489831643,14.0,,,knn
education,0.12462394801858397,15.0,,,knn
education,0.12452853424380197,16.0,,,knn
education,0.12420040612041856,17.0,,,knn
education,0.12413930884011332,18.0,,,knn
education,0.12391255951356854,19.0,,,knn
education,0.12383726236981105,20.0,,,knn
education,0.12374408841056615,21.0,,,knn
education,0.1236757767509427,22.0,,,knn
education,0.12361672095522229,23.0,,,knn
education,0.1234621699786082,24.0,,,knn
education,0.12669825911894778,3.0,,,knn
education,0.12183619487550142,4.0,,,knn
education,0.11935679630236519,5.0,,,knn
education,0.11721838877419424,6.0,,,knn
education,0.11628591485052107,7.0,,,knn
education,0.11546910304485758,8.0,,,knn
education,0.11523470139537838,9.0,,,knn
education,0.11469113813898484,10.0,,,knn
education,0.11395343986429052,11.0,,,knn
education,0.11382352710268452,12.0,,,knn
education,0.11346576338388906,13.0,,,knn
education,0.11316929307008576,14.0,,,knn
education,0.11282647301802874,15.0,,,knn
education,0.11236504935294525,16.0,,,knn
education,0.11215902363095115,17.0,,,knn
education,0.11198317775119698,18.0,,,knn
education,0.11197551228824137,19.0,,,knn
education,0.1119281442724991,20.0,,,knn
education,0.11187658732312335,21.0,,,knn
education,0.11173959842884658,22.0,,,knn
education,0.11154582936805514,23.0,,,knn
education,0.1114683376764697,24.0,,,knn
education,0.13693107385193415,3.0,,,knn
education,0.13217646872369615,4.0,,,knn
education,0.12874122500064467,5.0,,,knn
education,0.1271648014192024,6.0,,,knn
education,0.12595368981576352,7.0,,,knn
education,0.12515243007443605,8.0,,,knn
education,0.12487128981348505,9.0,,,knn
education,0.12473561646067885,10.0,,,knn
education,0.12415959037952883,11.0,,,knn
education,0.12353084447302243,12.0,,,knn
education,0.1230304942363159,13.0,,,knn
education,0.12250469066116965,14.0,,,knn
education,0.12230403584612859,15.0,,,knn
education,0.1223094284010492,16.0,,,knn
education,0.12200462521785449,17.0,,,knn
education,0.121649698287738,18.0,,,knn
education,0.12159113954362068,19.0,,,knn
education,0.1213578259386304,20.0,,,knn
education,0.12126919401745725,21.0,,,knn
education,0.12108036124062388,22.0,,,knn
education,0.12088141774438531,23.0,,,knn
education,0.12079842269519199,24.0,,,knn
education,0.145818287778139,3.0,,,knn
education,0.1408737446691389,4.0,,,knn
education,0.13909332595774068,5.0,,,knn
education,0.13728841966564453,6.0,,,knn
education,0.13556457563760307,7.0,,,knn
education,0.13475489921502348,8.0,,,knn
education,0.1339576759472501,9.0,,,knn
education,0.13353094806371393,10.0,,,knn
education,0.13297157389791744,11.0,,,knn
education,0.13265809529407727,12.0,,,knn
education,0.13204365109033786,13.0,,,knn
education,0.13177042500614536,14.0,,,knn
education,0.13143911621917978,15.0,,,knn
education,0.1311831575578853,16.0,,,knn
education,0.13082223112769295,17.0,,,knn
education,0.13068706225171092,18.0,,,knn
education,0.1305024080916395,19.0,,,knn
education,0.13055084302186604,20.0,,,knn
education,0.13037255237372297,21.0,,,knn
education,0.1301871773761951,22.0,,,knn
education,0.13008652547544802,23.0,,,knn
education,0.12996429523286676,24.0,,,knn
education,0.12906600526911619,,0.0,10000.0,lin
education,0.15244158039482894,,0.1111111111111111,10000.0,lin
education,0.15244158039482894,,0.2222222222222222,10000.0,lin
education,0.15244158039482894,,0.3333333333333333,10000.0,lin
education,0.15244158039482894,,0.4444444444444444,10000.0,lin
education,0.15244158039482894,,0.5555555555555556,10000.0,lin
education,0.15244158039482894,,0.6666666666666666,10000.0,lin
education,0.15244158039482894,,0.7777777777777777,10000.0,lin
education,0.15244158039482894,,0.8888888888888888,10000.0,lin
education,0.15244158039482894,,1.0,10000.0,lin
education,0.11043711463642666,,0.0,10000.0,lin
education,0.12955261771985652,,0.1111111111111111,10000.0,lin
education,0.12955261771985652,,0.2222222222222222,10000.0,lin
education,0.12955261771985652,,0.3333333333333333,10000.0,lin
education,0.12955261771985652,,0.4444444444444444,10000.0,lin
education,0.12955261771985652,,0.5555555555555556,10000.0,lin
education,0.12955261771985652,,0.6666666666666666,10000.0,lin
education,0.12955261771985652,,0.7777777777777777,10000.0,lin
education,0.12955261771985652,,0.8888888888888888,10000.0,lin
education,0.12955261771985652,,1.0,10000.0,lin
education,0.11977795370130803,,0.0,10000.0,lin
education,0.13321274255230006,,0.1111111111111111,10000.0,lin
education,0.13321274255230006,,0.2222222222222222,10000.0,lin
education,0.13321274255230006,,0.3333333333333333,10000.0,lin
education,0.13321274255230006,,0.4444444444444444,10000.0,lin
education,0.13321274255230006,,0.5555555555555556,10000.0,lin
education,0.13321274255230006,,0.6666666666666666,10000.0,lin
education,0.13321274255230006,,0.7777777777777777,10000.0,lin
education,0.13321274255230006,,0.8888888888888888,10000.0,lin
education,0.13321274255230006,,1.0,10000.0,lin
education,0.12409808258158266,,0.0,10000.0,lin
education,0.13755961749380702,,0.1111111111111111,10000.0,lin
education,0.13755961749380702,,0.2222222222222222,10000.0,lin
education,0.13755961749380702,,0.3333333333333333,10000.0,lin
education,0.13755961749380702,,0.4444444444444444,10000.0,lin
education,0.13755961749380702,,0.5555555555555556,10000.0,lin
education,0.13755961749380702,,0.6666666666666666,10000.0,lin
education,0.13755961749380702,,0.7777777777777777,10000.0,lin
education,0.13755961749380702,,0.8888888888888888,10000.0,lin
education,0.13755961749380702,,1.0,10000.0,lin
education,0.12064613593397806,,0.0,10000.0,lin
education,0.1352679261466998,,0.1111111111111111,10000.0,lin
education,0.1352679261466998,,0.2222222222222222,10000.0,lin
education,0.1352679261466998,,0.3333333333333333,10000.0,lin
education,0.1352679261466998,,0.4444444444444444,10000.0,lin
education,0.1352679261466998,,0.5555555555555556,10000.0,lin
education,0.1352679261466998,,0.6666666666666666,10000.0,lin
education,0.1352679261466998,,0.7777777777777777,10000.0,lin
education,0.1352679261466998,,0.8888888888888888,10000.0,lin
education,0.1352679261466998,,1.0,10000.0,lin
education,0.11649730453725163,,0.0,10000.0,lin
education,0.12797393478522726,,0.1111111111111111,10000.0,lin
education,0.12797393478522726,,0.2222222222222222,10000.0,lin
education,0.12797393478522726,,0.3333333333333333,10000.0,lin
education,0.12797393478522726,,0.4444444444444444,10000.0,lin
education,0.12797393478522726,,0.5555555555555556,10000.0,lin
education,0.12797393478522726,,0.6666666666666666,10000.0,lin
education,0.12797393478522726,,0.7777777777777777,10000.0,lin
education,0.12797393478522726,,0.8888888888888888,10000.0,lin
education,0.12797393478522726,,1.0,10000.0,lin
education,0.12713495016507625,,0.0,10000.0,lin
education,0.14372663614449122,,0.1111111111111111,10000.0,lin
education,0.14372663614449122,,0.2222222222222222,10000.0,lin
education,0.14372663614449122,,0.3333333333333333,10000.0,lin
education,0.14372663614449122,,0.4444444444444444,10000.0,lin
education,0.14372663614449122,,0.5555555555555556,10000.0,lin
education,0.14372663614449122,,0.6666666666666666,10000.0,lin
education,0.14372663614449122,,0.7777777777777777,10000.0,lin
education,0.14372663614449122,,0.8888888888888888,10000.0,lin
education,0.14372663614449122,,1.0,10000.0,lin
education,0.11740374088978076,,0.0,10000.0,lin
education,0.13480362905208002,,0.1111111111111111,10000.0,lin
education,0.13480362905208002,,0.2222222222222222,10000.0,lin
education,0.13480362905208002,,0.3333333333333333,10000.0,lin
education,0.13480362905208002,,0.4444444444444444,10000.0,lin
education,0.13480362905208002,,0.5555555555555556,10000.0,lin
education,0.13480362905208002,,0.6666666666666666,10000.0,lin
education,0.13480362905208002,,0.7777777777777777,10000.0,lin
education,0.13480362905208002,,0.8888888888888888,10000.0,lin
education,0.13480362905208002,,1.0,10000.0,lin
education,0.1220130733423252,,0.0,10000.0,lin
education,0.13225360365824548,,0.1111111111111111,10000.0,lin
education,0.13225360365824548,,0.2222222222222222,10000.0,lin
education,0.13225360365824548,,0.3333333333333333,10000.0,lin
education,0.13225360365824548,,0.4444444444444444,10000.0,lin
education,0.13225360365824548,,0.5555555555555556,10000.0,lin
education,0.13225360365824548,,0.6666666666666666,10000.0,lin
education,0.13225360365824548,,0.7777777777777777,10000.0,lin
education,0.13225360365824548,,0.8888888888888888,10000.0,lin
education,0.13225360365824548,,1.0,10000.0,lin
education,0.13016133540631028,,0.0,10000.0,lin
education,0.1444012201404096,,0.1111111111111111,10000.0,lin
education,0.1444012201404096,,0.2222222222222222,10000.0,lin
education,0.1444012201404096,,0.3333333333333333,10000.0,lin
education,0.1444012201404096,,0.4444444444444444,10000.0,lin
education,0.1444012201404096,,0.5555555555555556,10000.0,lin
education,0.1444012201404096,,0.6666666666666666,10000.0,lin
education,0.1444012201404096,,0.7777777777777777,10000.0,lin
education,0.1444012201404096,,0.8888888888888888,10000.0,lin
education,0.1444012201404096,,1.0,10000.0,lin
election,0.10271836089567189,3.0,,,knn
election,0.1005288658240019,4.0,,,knn
election,0.0990480151012462,5.0,,,knn
election,0.09793166032953227,6.0,,,knn
election,0.09714283457176145,7.0,,,knn
election,0.0966238193627902,8.0,,,knn
election,0.09622990377230661,9.0,,,knn
election,0.09578756648062628,10.0,,,knn
election,0.09549420824642474,11.0,,,knn
election,0.09532467910564311,12.0,,,knn
election,0.09496704188866163,13.0,,,knn
election,0.09483177068209173,14.0,,,knn
election,0.09478536566512469,15.0,,,knn
election,0.09468857096252534,16.0,,,knn
election,0.09464776828461537,17.0,,,knn
election,0.09459386669207215,18.0,,,knn
election,0.09446364077093705,19.0,,,knn
election,0.09432797207596952,20.0,,,knn
election,0.09421810582402933,21.0,,,knn
election,0.09425423268936856,22.0,,,knn
election,0.09429434999179613,23.0,,,knn
election,0.09433707482531088,24.0,,,knn
election,0.0860056848237327,3.0,,,knn
election,0.08319007508398085,4.0,,,knn
election,0.08129258385785754,5.0,,,knn
election,0.07983377455373257,6.0,,,knn
election,0.07902223278228006,7.0,,,knn
election,0.07837431657818032,8.0,,,knn
election,0.07791308252018084,9.0,,,knn
election,0.07768898822052345,10.0,,,knn
election,0.07734203572922414,11.0,,,knn
election,0.07719321285626617,12.0,,,knn
election,0.07700064210561365,13.0,,,knn
election,0.07682728194825057,14.0,,,knn
election,0.07668049641383669,15.0,,,knn
election,0.07653227819556035,16.0,,,knn
election,0.07635333453510368,17.0,,,knn
election,0.07629571893708897,18.0,,,knn
election,0.07618467848007109,19.0,,,knn
election,0.07611691915315044,20.0,,,knn
election,0.07600342254057525,21.0,,,knn
election,0.07598211943804144,22.0,,,knn
election,0.07589193723720344,23.0,,,knn
election,0.07582964350969372,24.0,,,knn
election,0.0924730393668039,3.0,,,knn
election,0.08966460357833977,4.0,,,knn
election,0.08838958158139154,5.0,,,knn
election,0.08715516157284506,6.0,,,knn
election,0.08627648990190198,7.0,,,knn
election,0.0858297597452949,8.0,,,knn
election,0.08514757668953195,9.0,,,knn
election,0.08468294554386273,10.0,,,knn
election,0.08431042709272552,11.0,,,knn
election,0.08402795215156755,12.0,,,knn
election,0.08387340978029798,13.0,,,knn
election,0.08367966801346206,14.0,,,knn
election,0.08343922735719177,15.0,,,knn
election,0.08330762600835148,16.0,,,knn
election,0.08314684125408468,17.0,,,knn
election,0.08308913505810243,18.0,,,knn
election,0.08296354805690238,19.0,,,knn
election,0.08289953390729471,20.0,,,knn
election,0.08281137015946788,21.0,,,knn
election,0.08285918277946303,22.0,,,knn
election,0.08289182777289028,23.0,,,knn
election,0.08286341732157977,24.0,,,knn
election,0.09680560296629868,3.0,,,knn
election,0.09390570656362252,4.0,,,knn
election,0.0924090708368409,5.0,,,knn
election,0.09138548592625531,6.0,,,knn
election,0.09050167291713804,7.0,,,knn
election,0.08990156006855157,8.0,,,knn
election,0.08936363265975655,9.0,,,knn
election,0.08885385094807095,10.0,,,knn
election,0.08857135413636794,11.0,,,knn
election,0.08833784898622023,12.0,,,knn
election,0.08819885928079794,13.0,,,knn
election,0.08812360196453205,14.0,,,knn
election,0.0881006268460459,15.0,,,knn
election,0.08811045027017003,16.0,,,knn
election,0.08792054974813387,17.0,,,knn
election,0.08781603314013671,18.0,,,knn
election,0.08777200772643184,19.0,,,knn
election,0.08766854016573038,20.0,,,knn
election,0.08764156843346758,21.0,,,knn
election,0.08748398179216807,22.0,,,knn
election,0.08748397270808973,23.0,,,knn
election,0.08750729423449154,24.0,,,knn
election,0.09464699381387079,3.0,,,knn
election,0.09169692879673458,4.0,,,knn
election,0.08985686664937166,5.0,,,knn
election,0.0885642410872356,6.0,,,knn
election,0.08776416318583423,7.0,,,knn
election,0.08693402458489716,8.0,,,knn
election,0.08649268181554277,9.0,,,knn
election,0.0863378167424917,10.0,,,knn
election,0.08615583981853502,11.0,,,knn
election,0.08594418395453249,12.0,,,knn
election,0.08576197650294845,13.0,,,knn
election,0.08571085802524726,14.0,,,knn
election,0.08568934276814508,15.0,,,knn
election,0.08570911829665803,16.0,,,knn
election,0.08558585304124834,17.0,,,knn
election,0.08546901940134004,18.0,,,knn
election,0.08537983733799327,19.0,,,knn
election,0.08530617060320861,20.0,,,knn
election,0.08526492406635197,21.0,,,knn
election,0.08517302709123165,22.0,,,knn
election,0.08516505660693827,23.0,,,knn
election,0.08510261774051571,24.0,,,knn
election,0.09722651912048837,3.0,,,knn
election,0.09418846295575424,4.0,,,knn
election,0.09228671213817075,5.0,,,knn
election,0.09129384317754648,6.0,,,knn
election,0.09039226830092055,7.0,,,knn
election,0.08974514731348247,8.0,,,knn
election,0.0894310286170535,9.0,,,knn
election,0.08894912560401771,10.0,,,knn
election,0.08876373965902648,11.0,,,knn
election,0.08871257354529379,12.0,,,knn
election,0.08863784018808359,13.0,,,knn
election,0.08853776378155903,14.0,,,knn
election,0.0882701355060803,15.0,,,knn
election,0.08827146553545355,16.0,,,knn
election,0.08815284130267591,17.0,,,knn
election,0.08806379075407066,18.0,,,knn
election,0.08793145764133002,19.0,,,knn
election,0.08782847942460943,20.0,,,knn
election,0.08777381585309245,21.0,,,knn
election,0.087758711718834,22.0,,,knn
election,0.08767942014850112,23.0,,,knn
election,0.08765876462478188,24.0,,,knn
election,0.09898469946375675,3.0,,,knn
election,0.09633050342402175,4.0,,,knn
election,0.09437206913259231,5.0,,,knn
election,0.09320516369498992,6.0,,,knn
election,0.09235738909085331,7.0,,,knn
election,0.09190911222987051,8.0,,,knn
election,0.0913762216929109,9.0,,,knn
election,0.09100914704532519,10.0,,,knn
election,0.09063220392970855,11.0,,,knn
election,0.09035559829708742,12.0,,,knn
election,0.0902308058870018,13.0,,,knn
election,0.09006838881740678,14.0,,,knn
election,0.0899852985146475,15.0,,,knn
election,0.0898288858967002,16.0,,,knn
election,0.08970425092972328,17.0,,,knn
election,0.08960593601770123,18.0,,,knn
election,0.08947016467842614,19.0,,,knn
election,0.0894836450050031,20.0,,,knn
election,0.08938584312344645,21.0,,,knn
election,0.08930564146985882,22.0,,,knn
election,0.08925966108678353,23.0,,,knn
election,0.08928384673399896,24.0,,,knn
election,0.08782251252435548,3.0,,,knn
election,0.08594194045305494,4.0,,,knn
election,0.08430496747419092,5.0,,,knn
election,0.08337858047943875,6.0,,,knn
election,0.0825043064798031,7.0,,,knn
election,0.08193150279822452,8.0,,,knn
election,0.08141900625237986,9.0,,,knn
election,0.0812199945624944,10.0,,,knn
election,0.08082408943051225,11.0,,,knn
election,0.08040594896711482,12.0,,,knn
election,0.0801076544256502,13.0,,,knn
election,0.07987352848046285,14.0,,,knn
election,0.07976822273274575,15.0,,,knn
election,0.07959564622738799,16.0,,,knn
election,0.0794463994662757,17.0,,,knn
election,0.079310158812531,18.0,,,knn
election,0.0791301538377222,19.0,,,knn
election,0.07905498516210385,20.0,,,knn
election,0.07899625528281613,21.0,,,knn
election,0.07894548344331499,22.0,,,knn
election,0.07892898445011637,23.0,,,knn
election,0.07886370933381164,24.0,,,knn
election,0.095786566533893,3.0,,,knn
election,0.09349355389541668,4.0,,,knn
election,0.09182555715068849,5.0,,,knn
election,0.09061382325897475,6.0,,,knn
election,0.09004321607612831,7.0,,,knn
election,0.08939479138184371,8.0,,,knn
election,0.08888242290065468,9.0,,,knn
election,0.0885306329048164,10.0,,,knn
election,0.0882394634533347,11.0,,,knn
election,0.08780030050665714,12.0,,,knn
election,0.08765270636848617,13.0,,,knn
election,0.08739673186643958,14.0,,,knn
election,0.08735037403831249,15.0,,,knn
election,0.08712368114848079,16.0,,,knn
election,0.08700675481067192,17.0,,,knn
election,0.08699401221556195,18.0,,,knn
election,0.08683223931934982,19.0,,,knn
election,0.08682743011486711,20.0,,,knn
election,0.0867572014616568,21.0,,,knn
election,0.08663948238002997,22.0,,,knn
election,0.08655126023610728,23.0,,,knn
election,0.08643200426333472,24.0,,,knn
election,0.11021420127375127,3.0,,,knn
election,0.10715684188435073,4.0,,,knn
election,0.10529168509896639,5.0,,,knn
election,0.10384533141489917,6.0,,,knn
election,0.1032033619286276,7.0,,,knn
election,0.10262894459557968,8.0,,,knn
election,0.10205450826671221,9.0,,,knn
election,0.10166105908042974,10.0,,,knn
election,0.10141939711382672,11.0,,,knn
election,0.10127105998950156,12.0,,,knn
election,0.1011375385447371,13.0,,,knn
election,0.10109233317445716,14.0,,,knn
election,0.10086757379495674,15.0,,,knn
election,0.10078941943483924,16.0,,,knn
election,0.10056627756631414,17.0,,,knn
election,0.10054648260517302,18.0,,,knn
election,0.10043512107001462,19.0,,,knn
election,0.10028332180192899,20.0,,,knn
election,0.10025948575960106,21.0,,,knn
election,0.10021558903209299,22.0,,,knn
election,0.10020463803629487,23.0,,,knn
election,0.10016654724787821,24.0,,,knn
election,0.1013108814657111,,0.0,10000.0,lin
election,0.15244158039482894,,0.1111111111111111,10000.0,lin
election,0.15244158039482894,,0.2222222222222222,10000.0,lin
election,0.15244158039482894,,0.3333333333333333,10000.0,lin
election,0.15244158039482894,,0.4444444444444444,10000.0,lin
election,0.15244158039482894,,0.5555555555555556,10000.0,lin
election,0.15244158039482894,,0.6666666666666666,10000.0,lin
election,0.15244158039482894,,0.7777777777777777,10000.0,lin
election,0.15244158039482894,,0.8888888888888888,10000.0,lin
election,0.15244158039482894,,1.0,10000.0,lin
election,0.08395683216713928,,0.0,10000.0,lin
election,0.12955261771985652,,0.1111111111111111,10000.0,lin
election,0.12955261771985652,,0.2222222222222222,10000.0,lin
election,0.12955261771985652,,0.3333333333333333,10000.0,lin
election,0.12955261771985652,,0.4444444444444444,10000.0,lin
election,0.12955261771985652,,0.5555555555555556,10000.0,lin
election,0.12955261771985652,,0.6666666666666666,10000.0,lin
election,0.12955261771985652,,0.7777777777777777,10000.0,lin
election,0.12955261771985652,,0.8888888888888888,10000.0,lin
election,0.12955261771985652,,1.0,10000.0,lin
election,0.08968257853812132,,0.0,10000.0,lin
election,0.13321274255230006,,0.1111111111111111,10000.0,lin
election,0.13321274255230006,,0.2222222222222222,10000.0,lin
election,0.13321274255230006,,0.3333333333333333,10000.0,lin
election,0.13321274255230006,,0.4444444444444444,10000.0,lin
election,0.13321274255230006,,0.5555555555555556,10000.0,lin
election,0.13321274255230006,,0.6666666666666666,10000.0,lin
election,0.13321274255230006,,0.7777777777777777,10000.0,lin
election,0.13321274255230006,,0.8888888888888888,10000.0,lin
election,0.13321274255230006,,1.0,10000.0,lin
election,0.09373604158201514,,0.0,10000.0,lin
election,0.13755961749380702,,0.1111111111111111,10000.0,lin
election,0.13755961749380702,,0.2222222222222222,10000.0,lin
election,0.13755961749380702,,0.3333333333333333,10000.0,lin
election,0.13755961749380702,,0.4444444444444444,10000.0,lin
election,0.13755961749380702,,0.5555555555555556,10000.0,lin
election,0.13755961749380702,,0.6666666666666666,10000.0,lin
election,0.13755961749380702,,0.7777777777777777,10000.0,lin
election,0.13755961749380702,,0.8888888888888888,10000.0,lin
election,0.13755961749380702,,1.0,10000.0,lin
election,0.09143258717301644,,0.0,10000.0,lin
election,0.1352679261466998,,0.1111111111111111,10000.0,lin
election,0.1352679261466998,,0.2222222222222222,10000.0,lin
election,0.1352679261466998,,0.3333333333333333,10000.0,lin
election,0.1352679261466998,,0.4444444444444444,10000.0,lin
election,0.1352679261466998,,0.5555555555555556,10000.0,lin
election,0.1352679261466998,,0.6666666666666666,10000.0,lin
election,0.1352679261466998,,0.7777777777777777,10000.0,lin
election,0.1352679261466998,,0.8888888888888888,10000.0,lin
election,0.1352679261466998,,1.0,10000.0,lin
election,0.09136546242244513,,0.0,10000.0,lin
election,0.12797393478522726,,0.1111111111111111,10000.0,lin
election,0.12797393478522726,,0.2222222222222222,10000.0,lin
election,0.12797393478522726,,0.3333333333333333,10000.0,lin
election,0.12797393478522726,,0.4444444444444444,10000.0,lin
election,0.12797393478522726,,0.5555555555555556,10000.0,lin
election,0.12797393478522726,,0.6666666666666666,10000.0,lin
election,0.12797393478522726,,0.7777777777777777,10000.0,lin
election,0.12797393478522726,,0.8888888888888888,10000.0,lin
election,0.12797393478522726,,1.0,10000.0,lin
election,0.09637529795889276,,0.0,10000.0,lin
election,0.14372663614449122,,0.1111111111111111,10000.0,lin
election,0.14372663614449122,,0.2222222222222222,10000.0,lin
election,0.14372663614449122,,0.3333333333333333,10000.0,lin
election,0.14372663614449122,,0.4444444444444444,10000.0,lin
election,0.14372663614449122,,0.5555555555555556,10000.0,lin
election,0.14372663614449122,,0.6666666666666666,10000.0,lin
election,0.14372663614449122,,0.7777777777777777,10000.0,lin
election,0.14372663614449122,,0.8888888888888888,10000.0,lin
election,0.14372663614449122,,1.0,10000.0,lin
election,0.08670580360856216,,0.0,10000.0,lin
election,0.13480362905208002,,0.1111111111111111,10000.0,lin
election,0.13480362905208002,,0.2222222222222222,10000.0,lin
election,0.13480362905208002,,0.3333333333333333,10000.0,lin
election,0.13480362905208002,,0.4444444444444444,10000.0,lin
election,0.13480362905208002,,0.5555555555555556,10000.0,lin
election,0.13480362905208002,,0.6666666666666666,10000.0,lin
election,0.13480362905208002,,0.7777777777777777,10000.0,lin
election,0.13480362905208002,,0.8888888888888888,10000.0,lin
election,0.13480362905208002,,1.0,10000.0,lin
election,0.09172981885720602,,0.0,10000.0,lin
election,0.13225360365824548,,0.1111111111111111,10000.0,lin
election,0.13225360365824548,,0.2222222222222222,10000.0,lin
election,0.13225360365824548,,0.3333333333333333,10000.0,lin
election,0.13225360365824548,,0.4444444444444444,10000.0,lin
election,0.13225360365824548,,0.5555555555555556,10000.0,lin
election,0.13225360365824548,,0.6666666666666666,10000.0,lin
election,0.13225360365824548,,0.7777777777777777,10000.0,lin
election,0.13225360365824548,,0.8888888888888888,10000.0,lin
election,0.13225360365824548,,1.0,10000.0,lin
election,0.10392588059422385,,0.0,10000.0,lin
election,0.1444012201404096,,0.1111111111111111,10000.0,lin
election,0.1444012201404096,,0.2222222222222222,10000.0,lin
election,0.1444012201404096,,0.3333333333333333,10000.0,lin
election,0.1444012201404096,,0.4444444444444444,10000.0,lin
election,0.1444012201404096,,0.5555555555555556,10000.0,lin
election,0.1444012201404096,,0.6666666666666666,10000.0,lin
election,0.1444012201404096,,0.7777777777777777,10000.0,lin
election,0.1444012201404096,,0.8888888888888888,10000.0,lin
election,0.1444012201404096,,1.0,10000.0,lin
employment,0.15101120056714828,3.0,,,knn
employment,0.14563743526246353,4.0,,,knn
employment,0.1427251325367036,5.0,,,knn
employment,0.1410226484781654,6.0,,,knn
employment,0.13951806596666666,7.0,,,knn
employment,0.1385989681710085,8.0,,,knn
employment,0.13809156618481763,9.0,,,knn
employment,0.137671280621643,10.0,,,knn
employment,0.13707365662294918,11.0,,,knn
employment,0.13674697833699684,12.0,,,knn
employment,0.13657136783625445,13.0,,,knn
employment,0.13617333895081596,14.0,,,knn
employment,0.13573451316013382,15.0,,,knn
employment,0.13555949450132002,16.0,,,knn
employment,0.1351707016951569,17.0,,,knn
employment,0.13496686087384227,18.0,,,knn
employment,0.13457751444008875,19.0,,,knn
employment,0.13436011620795876,20.0,,,knn
employment,0.13412078927914567,21.0,,,knn
employment,0.13398255403017822,22.0,,,knn
employment,0.13380159106689116,23.0,,,knn
employment,0.1338435099479786,24.0,,,knn
employment,0.12779022794353806,3.0,,,knn
employment,0.12458687786612191,4.0,,,knn
employment,0.12163855146062874,5.0,,,knn
employment,0.12022021103997542,6.0,,,knn
employment,0.11848757780003083,7.0,,,knn
employment,0.11777783891181413,8.0,,,knn
employment,0.1169069121091037,9.0,,,knn
employment,0.11609599735027809,10.0,,,knn
employment,0.11548590487034548,11.0,,,knn
employment,0.11503620924818642,12.0,,,knn
employment,0.11447832142989263,13.0,,,knn
employment,0.1139550862229878,14.0,,,knn
employment,0.11388961707088952,15.0,,,knn
employment,0.1134044423578263,16.0,,,knn
employment,0.11312732482765119,17.0,,,knn
employment,0.11292992176844178,18.0,,,knn
employment,0.11272536253983119,19.0,,,knn
employment,0.11247555680596384,20.0,,,knn
employment,0.11212043247914082,21.0,,,knn
employment,0.11189337945766979,22.0,,,knn
employment,0.11174330281020772,23.0,,,knn
employment,0.11174904022198823,24.0,,,knn
employment,0.13195710589130127,3.0,,,knn
employment,0.12750658050088845,4.0,,,knn
employment,0.12461898799043526,5.0,,,knn
employment,0.12266205117930702,6.0,,,knn
employment,0.1215890655733885,7.0,,,knn
employment,0.12057333972504262,8.0,,,knn
employment,0.11968439791637452,9.0,,,knn
employment,0.11907974850296019,10.0,,,knn
employment,0.11878256549488796,11.0,,,knn
employment,0.11845599998623425,12.0,,,knn
employment,0.11798046212687625,13.0,,,knn
employment,0.11738858995223725,14.0,,,knn
employment,0.11740719241054297,15.0,,,knn
employment,0.11700365535060463,16.0,,,knn
employment,0.11687492391316444,17.0,,,knn
employment,0.11646704677366027,18.0,,,knn
employment,0.11636091145635523,19.0,,,knn
employment,0.11621234213512643,20.0,,,knn
employment,0.11602625338497931,21.0,,,knn
employment,0.11610427512169605,22.0,,,knn
employment,0.11608326977938499,23.0,,,knn
employment,0.11602977083717146,24.0,,,knn
employment,0.14160518284657655,3.0,,,knn
employment,0.13693025845295498,4.0,,,knn
employment,0.13442911762842577,5.0,,,knn
employment,0.13315822123283202,6.0,,,knn
employment,0.13191065438806,7.0,,,knn
employment,0.13101377039459983,8.0,,,knn
employment,0.1303419148950072,9.0,,,knn
employment,0.12938204621560084,10.0,,,knn
employment,0.1289811260204954,11.0,,,knn
employment,0.12854818564744327,12.0,,,knn
employment,0.12807140762859787,13.0,,,knn
employment,0.12756547484785843,14.0,,,knn
employment,0.12718554309691846,15.0,,,knn
employment,0.12682244444183208,16.0,,,knn
employment,0.12646351055095548,17.0,,,knn
employment,0.1261666338959848,18.0,,,knn
employment,0.12596724889091776,19.0,,,knn
employment,0.12586407294138444,20.0,,,knn
employment,0.12569889668717082,21.0,,,knn
employment,0.12544699451040503,22.0,,,knn
employment,0.12528809771686245,23.0,,,knn
employment,0.1252683209065377,24.0,,,knn
employment,0.13496702952896414,3.0,,,knn
employment,0.13107830485058114,4.0,,,knn
employment,0.12831452597423415,5.0,,,knn
employment,0.1266402189813284,6.0,,,knn
employment,0.12505534908969693,7.0,,,knn
employment,0.12388751871158461,8.0,,,knn
employment,0.12285250982706244,9.0,,,knn
employment,0.12237704961201852,10.0,,,knn
employment,0.12182259938094428,11.0,,,knn
employment,0.12175864115570532,12.0,,,knn
employment,0.1214811703082751,13.0,,,knn
employment,0.12108794016021379,14.0,,,knn
employment,0.12105069055189643,15.0,,,knn
employment,0.12079206932336223,16.0,,,knn
employment,0.12065377617181595,17.0,,,knn
employment,0.120533631031288,18.0,,,knn
employment,0.12021513551756055,19.0,,,knn
employment,0.12000305449504299,20.0,,,knn
employment,0.11978813581186354,21.0,,,knn
employment,0.11966035757069915,22.0,,,knn
employment,0.11941234700230434,23.0,,,knn
employment,0.11939956757637357,24.0,,,knn
employment,0.13637830480242835,3.0,,,knn
employment,0.13147871689638724,4.0,,,knn
employment,0.12819802472484354,5.0,,,knn
employment,0.12680113046424682,6.0,,,knn
employment,0.1250973305676646,7.0,,,knn
employment,0.12372162668317772,8.0,,,knn
employment,0.12289704454759898,9.0,,,knn
employment,0.12198204861037391,10.0,,,knn
employment,0.12116337272915628,11.0,,,knn
employment,0.12055935093900647,12.0,,,knn
employment,0.12028940947954944,13.0,,,knn
employment,0.1198768427156305,14.0,,,knn
employment,0.11940387459065979,15.0,,,knn
employment,0.11913235006050611,16.0,,,knn
employment,0.11897944914369088,17.0,,,knn
employment,0.11867147852439039,18.0,,,knn
employment,0.11839830283211648,19.0,,,knn
employment,0.11832442122593535,20.0,,,knn
employment,0.1180102301510032,21.0,,,knn
employment,0.1179351956581951,22.0,,,knn
employment,0.1178541988092764,23.0,,,knn
employment,0.11779406163133636,24.0,,,knn
employment,0.13901642598782007,3.0,,,knn
employment,0.13408117419086052,4.0,,,knn
employment,0.13198698857057434,5.0,,,knn
employment,0.13000585360647984,6.0,,,knn
employment,0.12896934973298374,7.0,,,knn
employment,0.1278252081997353,8.0,,,knn
employment,0.1269323500393348,9.0,,,knn
employment,0.12624579248731352,10.0,,,knn
employment,0.1256447356103468,11.0,,,knn
employment,0.12498731550695658,12.0,,,knn
employment,0.12451924614617092,13.0,,,knn
employment,0.12413401843867479,14.0,,,knn
employment,0.12390820150836791,15.0,,,knn
employment,0.12361509415308156,16.0,,,knn
employment,0.12353794595089929,17.0,,,knn
employment,0.12340200819313858,18.0,,,knn
employment,0.12319392242553673,19.0,,,knn
employment,0.12310148448520847,20.0,,,knn
employment,0.12304099544304302,21.0,,,knn
employment,0.12293040209358486,22.0,,,knn
employment,0.12287556068282522,23.0,,,knn
employment,0.1227440256747549,24.0,,,knn
employment,0.12830099876029719,3.0,,,knn
employment,0.12384422977589829,4.0,,,knn
employment,0.12086348203447554,5.0,,,knn
employment,0.11920263900497141,6.0,,,knn
employment,0.11748929441555163,7.0,,,knn
employment,0.11646119596958927,8.0,,,knn
employment,0.11556941097243846,9.0,,,knn
employment,0.1147680102223759,10.0,,,knn
employment,0.11450942091665593,11.0,,,knn
employment,0.11407576509620339,12.0,,,knn
employment,0.11355812810293285,13.0,,,knn
employment,0.11333261052758213,14.0,,,knn
employment,0.11316728670222026,15.0,,,knn
employment,0.112746599720559,16.0,,,knn
employment,0.11264078796809676,17.0,,,knn
employment,0.1123271745052976,18.0,,,knn
employment,0.11211801734831739,19.0,,,knn
employment,0.11193927142064938,20.0,,,knn
employment,0.11181433636430026,21.0,,,knn
employment,0.11171858540518112,22.0,,,knn
employment,0.11169284699210044,23.0,,,knn
employment,0.1115047504494086,24.0,,,knn
employment,0.13359007804098472,3.0,,,knn
employment,0.12883599731847448,4.0,,,knn
employment,0.1258833119532903,5.0,,,knn
employment,0.12392208084833398,6.0,,,knn
employment,0.12248737795515272,7.0,,,knn
employment,0.12161957241924079,8.0,,,knn
employment,0.12080355681327018,9.0,,,knn
employment,0.12004979444177218,10.0,,,knn
employment,0.11968446156446216,11.0,,,knn
employment,0.11927108601272665,12.0,,,knn
employment,0.11906058105208248,13.0,,,knn
employment,0.11870202440760527,14.0,,,knn
employment,0.11813408787583245,15.0,,,knn
employment,0.11780381139542556,16.0,,,knn
employment,0.11767607895912789,17.0,,,knn
employment,0.11771676746769885,18.0,,,knn
employment,0.11760597673750274,19.0,,,knn
employment,0.11750361598514068,20.0,,,knn
employment,0.11724961369946854,21.0,,,knn
employment,0.11707151499325316,22.0,,,knn
employment,0.11697433105013075,23.0,,,knn
employment,0.11682080633293555,24.0,,,knn
employment,0.14575634069466897,3.0,,,knn
employment,0.14172980527734175,4.0,,,knn
employment,0.1394444889427714,5.0,,,knn
employment,0.13770845618536645,6.0,,,knn
employment,0.1362406205540707,7.0,,,knn
employment,0.13507425068009662,8.0,,,knn
employment,0.13457600539053663,9.0,,,knn
employment,0.13399827468261694,10.0,,,knn
employment,0.13344758357939263,11.0,,,knn
employment,0.13292963121387222,12.0,,,knn
employment,0.13264172184127257,13.0,,,knn
employment,0.13231019375801192,14.0,,,knn
employment,0.13196666931437964,15.0,,,knn
employment,0.1316430213037677,16.0,,,knn
employment,0.1313592346270036,17.0,,,knn
employment,0.131394743132778,18.0,,,knn
employment,0.13117375130464293,19.0,,,knn
employment,0.13092127001938234,20.0,,,knn
employment,0.1307101073271051,21.0,,,knn
employment,0.13064385924924946,22.0,,,knn
employment,0.13058144384569137,23.0,,,knn
employment,0.13047836334959673,24.0,,,knn
employment,0.14050388340659564,,0.0,10000.0,lin
employment,0.15244158039482894,,0.1111111111111111,10000.0,lin
employment,0.15244158039482894,,0.2222222222222222,10000.0,lin
employment,0.15244158039482894,,0.3333333333333333,10000.0,lin
employment,0.15244158039482894,,0.4444444444444444,10000.0,lin
employment,0.15244158039482894,,0.5555555555555556,10000.0,lin
employment,0.15244158039482894,,0.6666666666666666,10000.0,lin
employment,0.15244158039482894,,0.7777777777777777,10000.0,lin
employment,0.15244158039482894,,0.8888888888888888,10000.0,lin
employment,0.15244158039482894,,1.0,10000.0,lin
employment,0.11783088635834249,,0.0,10000.0,lin
employment,0.12955261771985652,,0.1111111111111111,10000.0,lin
employment,0.12955261771985652,,0.2222222222222222,10000.0,lin
employment,0.12955261771985652,,0.3333333333333333,10000.0,lin
employment,0.12955261771985652,,0.4444444444444444,10000.0,lin
employment,0.12955261771985652,,0.5555555555555556,10000.0,lin
employment,0.12955261771985652,,0.6666666666666666,10000.0,lin
employment,0.12955261771985652,,0.7777777777777777,10000.0,lin
employment,0.12955261771985652,,0.8888888888888888,10000.0,lin
employment,0.12955261771985652,,1.0,10000.0,lin
employment,0.12259168447193781,,0.0,10000.0,lin
employment,0.13321274255230006,,0.1111111111111111,10000.0,lin
employment,0.13321274255230006,,0.2222222222222222,10000.0,lin
employment,0.13321274255230006,,0.3333333333333333,10000.0,lin
employment,0.13321274255230006,,0.4444444444444444,10000.0,lin
employment,0.13321274255230006,,0.5555555555555556,10000.0,lin
employment,0.13321274255230006,,0.6666666666666666,10000.0,lin
employment,0.13321274255230006,,0.7777777777777777,10000.0,lin
employment,0.13321274255230006,,0.8888888888888888,10000.0,lin
employment,0.13321274255230006,,1.0,10000.0,lin
employment,0.1285257786918301,,0.0,10000.0,lin
employment,0.13755961749380702,,0.1111111111111111,10000.0,lin
employment,0.13755961749380702,,0.2222222222222222,10000.0,lin
employment,0.13755961749380702,,0.3333333333333333,10000.0,lin
employment,0.13755961749380702,,0.4444444444444444,10000.0,lin
employment,0.13755961749380702,,0.5555555555555556,10000.0,lin
employment,0.13755961749380702,,0.6666666666666666,10000.0,lin
employment,0.13755961749380702,,0.7777777777777777,10000.0,lin
employment,0.13755961749380702,,0.8888888888888888,10000.0,lin
employment,0.13755961749380702,,1.0,10000.0,lin
employment,0.12477410720917977,,0.0,10000.0,lin
employment,0.1352679261466998,,0.1111111111111111,10000.0,lin
employment,0.1352679261466998,,0.2222222222222222,10000.0,lin
employment,0.1352679261466998,,0.3333333333333333,10000.0,lin
employment,0.1352679261466998,,0.4444444444444444,10000.0,lin
employment,0.1352679261466998,,0.5555555555555556,10000.0,lin
employment,0.1352679261466998,,0.6666666666666666,10000.0,lin
employment,0.1352679261466998,,0.7777777777777777,10000.0,lin
employment,0.1352679261466998,,0.8888888888888888,10000.0,lin
employment,0.1352679261466998,,1.0,10000.0,lin
employment,0.11908489375730974,,0.0,10000.0,lin
employment,0.12797393478522726,,0.1111111111111111,10000.0,lin
employment,0.12797393478522726,,0.2222222222222222,10000.0,lin
employment,0.12797393478522726,,0.3333333333333333,10000.0,lin
employment,0.12797393478522726,,0.4444444444444444,10000.0,lin
employment,0.12797393478522726,,0.5555555555555556,10000.0,lin
employment,0.12797393478522726,,0.6666666666666666,10000.0,lin
employment,0.12797393478522726,,0.7777777777777777,10000.0,lin
employment,0.12797393478522726,,0.8888888888888888,10000.0,lin
employment,0.12797393478522726,,1.0,10000.0,lin
employment,0.12839297255950166,,0.0,10000.0,lin
employment,0.14372663614449122,,0.1111111111111111,10000.0,lin
employment,0.14372663614449122,,0.2222222222222222,10000.0,lin
employment,0.14372663614449122,,0.3333333333333333,10000.0,lin
employment,0.14372663614449122,,0.4444444444444444,10000.0,lin
employment,0.14372663614449122,,0.5555555555555556,10000.0,lin
employment,0.14372663614449122,,0.6666666666666666,10000.0,lin
employment,0.14372663614449122,,0.7777777777777777,10000.0,lin
employment,0.14372663614449122,,0.8888888888888888,10000.0,lin
employment,0.14372663614449122,,1.0,10000.0,lin
employment,0.12027992675661082,,0.0,10000.0,lin
employment,0.13480362905208002,,0.1111111111111111,10000.0,lin
employment,0.13480362905208002,,0.2222222222222222,10000.0,lin
employment,0.13480362905208002,,0.3333333333333333,10000.0,lin
employment,0.13480362905208002,,0.4444444444444444,10000.0,lin
employment,0.13480362905208002,,0.5555555555555556,10000.0,lin
employment,0.13480362905208002,,0.6666666666666666,10000.0,lin
employment,0.13480362905208002,,0.7777777777777777,10000.0,lin
employment,0.13480362905208002,,0.8888888888888888,10000.0,lin
employment,0.13480362905208002,,1.0,10000.0,lin
employment,0.12073893226586624,,0.0,10000.0,lin
employment,0.13225360365824548,,0.1111111111111111,10000.0,lin
employment,0.13225360365824548,,0.2222222222222222,10000.0,lin
employment,0.13225360365824548,,0.3333333333333333,10000.0,lin
employment,0.13225360365824548,,0.4444444444444444,10000.0,lin
employment,0.13225360365824548,,0.5555555555555556,10000.0,lin
employment,0.13225360365824548,,0.6666666666666666,10000.0,lin
employment,0.13225360365824548,,0.7777777777777777,10000.0,lin
employment,0.13225360365824548,,0.8888888888888888,10000.0,lin
employment,0.13225360365824548,,1.0,10000.0,lin
employment,0.1327787627387747,,0.0,10000.0,lin
employment,0.1444012201404096,,0.1111111111111111,10000.0,lin
employment,0.1444012201404096,,0.2222222222222222,10000.0,lin
employment,0.1444012201404096,,0.3333333333333333,10000.0,lin
employment,0.1444012201404096,,0.4444444444444444,10000.0,lin
employment,0.1444012201404096,,0.5555555555555556,10000.0,lin
employment,0.1444012201404096,,0.6666666666666666,10000.0,lin
employment,0.1444012201404096,,0.7777777777777777,10000.0,lin
employment,0.1444012201404096,,0.8888888888888888,10000.0,lin
employment,0.1444012201404096,,1.0,10000.0,lin
